fecha,descripcion,monto,categoria
2023-01-02,ELECTRONICA 6780,9250.78,Compras
2023-01-02,SUPERMERCADO 8812,9176.18,Comida
2023-01-02,SUBE 9821,5773.85,Transporte
2023-01-03,TEATRO 8381,2895.52,Entretenimiento
2023-01-04,PANADERIA 4570,6343.21,Comida
2023-01-06,BAR 3587,2848.16,Entretenimiento
2023-01-07,SPOTIFY 5892,9276.12,Entretenimiento
2023-01-07,DELIVERY 3252,14543.09,Comida
2023-01-07,ELECTRONICA 7739,12781.55,Compras
2023-01-09,SPOTIFY 4287,5729.24,Entretenimiento
2023-01-09,ELECTRONICA 5905,47788.57,Compras
2023-01-10,ROPA 2638,20868.69,Compras
2023-01-10,AMAZON 6629,42908.67,Compras
2023-01-11,MERCADO 5239,10124.95,Comida
2023-01-13,NETFLIX 1753,1111.44,Entretenimiento
2023-01-13,CAFE 5658,710.9,Comida
2023-01-13,UBER 9673,3570.2,Transporte
2023-01-13,DELIVERY 9031,4573.97,Comida
2023-01-15,LABORATORIO 3073,12999.26,Salud
2023-01-15,SPOTIFY 4534,4087.52,Entretenimiento
2023-01-17,RESTAURANT 7841,11732.48,Comida
2023-01-17,MERCADO 3588,12945.95,Comida
2023-01-17,MEDICO 5347,12819.73,Salud
2023-01-18,ELECTRONICA 8054,13553.25,Compras
2023-01-20,FARMACIA 6947,6817.25,Salud
2023-01-20,DELIVERY 2275,12519.27,Comida
2023-01-20,INTERNET 4533,3540.91,Servicios
2023-01-22,RESTAURANT 3815,11009.12,Comida
2023-01-23,AGUA 5169,9702.94,Servicios
2023-01-23,CONCIERTO 7484,5409.37,Entretenimiento
2023-01-25,SUPERMERCADO 9872,8941.88,Comida
2023-01-26,UBER 5011,5217.65,Transporte
2023-01-27,UBER 4750,4350.49,Transporte
2023-01-28,TEATRO 1872,11252.31,Entretenimiento
2023-01-29,UBER 5279,2719.06,Transporte
2023-01-30,PANADERIA 4920,6268.91,Comida
2023-01-30,MERCADO 6314,14127.57,Comida
2023-01-30,NETFLIX 5477,11305.13,Entretenimiento
2023-02-01,SUPERMERCADO 8179,14075.08,Comida
2023-02-02,MERCADO 2535,14563.69,Comida
2023-02-02,LABORATORIO 2800,21966.51,Salud
2023-02-02,PANADERIA 7868,14925.56,Comida
2023-02-03,AGUA 5305,9915.7,Servicios
2023-02-04,CINE 1794,6833.32,Entretenimiento
2023-02-05,SUPERMERCADO 2101,8348.8,Comida
2023-02-07,TEATRO 9116,5447.51,Entretenimiento
2023-02-07,RESTAURANT 4302,2315.19,Comida
2023-02-08,CINE 5888,11903.82,Entretenimiento
2023-02-08,EDENOR 7041,4967.04,Servicios
2023-02-09,UBER 8119,811.96,Transporte
2023-02-10,TELECOM 8172,10702.76,Servicios
2023-02-10,MERCADO 7520,7990.3,Comida
2023-02-12,PANADERIA 8231,11106.7,Comida
2023-02-13,TELECOM 4463,14929.22,Servicios
2023-02-14,NETFLIX 1686,5733.36,Entretenimiento
2023-02-14,NETFLIX 9515,8005.93,Entretenimiento
2023-02-14,PANADERIA 8527,14258.84,Comida
2023-02-16,MERCADO 3245,10180.1,Comida
2023-02-16,PANADERIA 4733,13685.15,Comida
2023-02-16,SUPERMERCADO 7475,7596.66,Comida
2023-02-17,DELIVERY 2129,8600.31,Comida
2023-02-17,EDENOR 8529,23197.68,Servicios
2023-02-18,SUPERMERCADO 7878,14958.31,Comida
2023-02-21,HOSPITAL 9108,6548.77,Salud
2023-02-21,RESTAURANT 7293,14301.27,Comida
2023-02-21,RESTAURANT 7211,14806.27,Comida
2023-02-21,SPOTIFY 4990,5496.08,Entretenimiento
2023-02-21,ELECTRONICA 1241,8601.01,Compras
2023-02-22,MERCADO 7939,8573.62,Comida
2023-02-22,COMBUSTIBLE 6119,3188.48,Transporte
2023-02-22,BAR 4189,8441.65,Entretenimiento
2023-02-22,SUBE 8871,3310.82,Transporte
2023-02-23,NETFLIX 7897,3254.83,Entretenimiento
2023-02-23,TELECOM 3579,18283.32,Servicios
2023-02-23,FARMACIA 7771,13576.54,Salud
2023-02-24,CINE 8161,1057.53,Entretenimiento
2023-02-25,PANADERIA 2612,12611.89,Comida
2023-02-26,MERCADO 9488,3944.38,Comida
2023-02-27,SPOTIFY 6873,4683.96,Entretenimiento
2023-02-27,PANADERIA 1154,2889.81,Comida
2023-02-28,AMAZON 8811,39434.03,Compras
2023-02-28,CAFE 2312,13529.04,Comida
2023-03-03,SUPERMERCADO 6039,4514.73,Comida
2023-03-04,TELEFONO 6138,22736.43,Servicios
2023-03-04,GAS 3869,3242.69,Servicios
2023-03-04,DELIVERY 7580,6005.54,Comida
2023-03-04,DELIVERY 6559,3204.52,Comida
2023-03-05,PANADERIA 3262,14049.32,Comida
2023-03-06,MERCADO 9189,12024.74,Comida
2023-03-06,TELEFONO 8498,13593.49,Servicios
2023-03-06,BAR 7516,7164.85,Entretenimiento
2023-03-07,ROPA 7678,6381.76,Compras
2023-03-07,RESTAURANT 2262,6065.66,Comida
2023-03-08,ESTACIONAMIENTO 9056,6312.49,Transporte
2023-03-09,HOSPITAL 2548,7896.56,Salud
2023-03-10,HOSPITAL 1732,22100.21,Salud
2023-03-10,CINE 2398,10127.16,Entretenimiento
2023-03-11,TIENDA 4950,10905.22,Compras
2023-03-12,GAS 4394,17496.33,Servicios
2023-03-12,CAFE 3060,6693.06,Comida
2023-03-12,BAR 6590,10912.74,Entretenimiento
2023-03-13,TAXI 1502,4855.37,Transporte
2023-03-13,RESTAURANT 6753,8204.64,Comida
2023-03-14,PANADERIA 1964,1034.86,Comida
2023-03-16,UBER 2106,1729.56,Transporte
2023-03-16,NETFLIX 4555,5813.63,Entretenimiento
2023-03-17,ELECTRONICA 4492,32294.65,Compras
2023-03-17,CINE 6277,5797.39,Entretenimiento
2023-03-17,ESTACIONAMIENTO 9261,5279.62,Transporte
2023-03-17,SUBE 1878,5052.28,Transporte
2023-03-18,DELIVERY 5342,12311.33,Comida
2023-03-19,TEATRO 2604,5254.09,Entretenimiento
2023-03-19,CAFE 4978,8530.89,Comida
2023-03-19,CONCIERTO 3442,8727.32,Entretenimiento
2023-03-20,SUBE 3255,6574.92,Transporte
2023-03-20,LABORATORIO 2868,16574.71,Salud
2023-03-21,SUPERMERCADO 4705,4848.83,Comida
2023-03-22,CAFE 5803,1916.25,Comida
2023-03-22,DELIVERY 3956,7733.88,Comida
2023-03-22,ELECTRONICA 4329,21056.72,Compras
2023-03-22,COMBUSTIBLE 4216,4215.58,Transporte
2023-03-25,MERCADO 5336,8036.72,Comida
2023-03-25,ESTACIONAMIENTO 1317,851.31,Transporte
2023-03-26,PANADERIA 7955,14806.61,Comida
2023-03-26,PANADERIA 9791,5413.48,Comida
2023-03-27,PANADERIA 8022,12416.97,Comida
2023-03-28,CAFE 3827,3203.35,Comida
2023-03-29,PANADERIA 8962,2095.75,Comida
2023-03-29,SUBE 5839,5832.15,Transporte
2023-03-29,SUPERMERCADO 2940,13935.52,Comida
2023-03-30,DELIVERY 2562,10207.56,Comida
2023-03-30,ROPA 2900,8311.48,Compras
2023-03-31,BAR 7912,8788.8,Entretenimiento
2023-03-31,NETFLIX 8061,7176.33,Entretenimiento
2023-03-31,TIENDA 6692,33215.63,Compras
2023-04-01,ESTACIONAMIENTO 2734,6367.64,Transporte
2023-04-02,RESTAURANT 2524,12463.22,Comida
2023-04-03,DELIVERY 9281,10264.77,Comida
2023-04-03,COMBUSTIBLE 6352,5944.27,Transporte
2023-04-04,PANADERIA 9691,11678.23,Comida
2023-04-05,TEATRO 2584,1510.95,Entretenimiento
2023-04-06,SUPERMERCADO 6085,8993.75,Comida
2023-04-06,SUPERMERCADO 3724,2145.37,Comida
2023-04-06,PEAJE 7937,2226.08,Transporte
2023-04-06,DELIVERY 7213,8402.89,Comida
2023-04-06,TELEFONO 8511,17629.67,Servicios
2023-04-06,SUPERMERCADO 2858,10195.33,Comida
2023-04-06,DELIVERY 2582,659.44,Comida
2023-04-10,SUPERMERCADO 9807,6512.05,Comida
2023-04-11,TELEFONO 8692,4585.86,Servicios
2023-04-12,PANADERIA 2874,8353.7,Comida
2023-04-13,TEATRO 2633,10260.12,Entretenimiento
2023-04-13,CONCIERTO 3252,5969.44,Entretenimiento
2023-04-14,LABORATORIO 9843,11412.56,Salud
2023-04-14,DELIVERY 5554,8040.99,Comida
2023-04-15,TIENDA 2983,27108.7,Compras
2023-04-15,MEDICO 5877,16912.62,Salud
2023-04-16,CINE 6372,1107.48,Entretenimiento
2023-04-16,INTERNET 7022,3762.75,Servicios
2023-04-19,PEAJE 5889,6093.3,Transporte
2023-04-19,ROPA 6934,44732.66,Compras
2023-04-20,DELIVERY 4585,10403.6,Comida
2023-04-20,EDENOR 1085,5045.79,Servicios
2023-04-21,PANADERIA 4830,7060.37,Comida
2023-04-21,ESTACIONAMIENTO 3194,5019.21,Transporte
2023-04-22,SUPERMERCADO 6816,1408.47,Comida
2023-04-22,SUPERMERCADO 4139,9067.95,Comida
2023-04-23,TELECOM 3621,17026.26,Servicios
2023-04-23,CONCIERTO 1422,3620.01,Entretenimiento
2023-04-26,RESTAURANT 3662,5647.45,Comida
2023-04-29,ESTACIONAMIENTO 4114,1551.7,Transporte
2023-04-30,SUPERMERCADO 7116,8088.28,Comida
2023-05-01,TAXI 4438,2990.83,Transporte
2023-05-01,TELECOM 6003,24218.49,Servicios
2023-05-01,MERCADO 6488,1363.11,Comida
2023-05-02,MERCADOLIBRE 9802,28377.42,Compras
2023-05-03,CAFE 5033,2831.72,Comida
2023-05-03,CAFE 1862,7547.01,Comida
2023-05-03,AMAZON 3248,36273.57,Compras
2023-05-04,TEATRO 3165,7525.44,Entretenimiento
2023-05-05,TELECOM 3275,12360.85,Servicios
2023-05-05,DENTISTA 3184,9532.86,Salud
2023-05-06,NETFLIX 2213,8911.22,Entretenimiento
2023-05-06,RESTAURANT 8366,2650.98,Comida
2023-05-06,DENTISTA 2501,28464.29,Salud
2023-05-08,COMBUSTIBLE 8159,3943.52,Transporte
2023-05-09,CAFE 4362,2764.21,Comida
2023-05-09,PANADERIA 5961,6170.68,Comida
2023-05-10,DELIVERY 2874,9913.55,Comida
2023-05-10,INTERNET 9984,6082.49,Servicios
2023-05-12,DENTISTA 3705,26030.82,Salud
2023-05-12,AMAZON 7453,21531.58,Compras
2023-05-13,TEATRO 9725,4270.84,Entretenimiento
2023-05-13,AGUA 9238,22998.72,Servicios
2023-05-13,ELECTRONICA 2388,47871.27,Compras
2023-05-15,RESTAURANT 8178,8105.42,Comida
2023-05-15,MERCADO 6869,4026.0,Comida
2023-05-15,PANADERIA 5915,5831.88,Comida
2023-05-16,SUBE 6994,1083.26,Transporte
2023-05-17,MEDICO 2120,16361.2,Salud
2023-05-17,PANADERIA 6697,2459.91,Comida
2023-05-17,EDENOR 6772,21585.23,Servicios
2023-05-18,DELIVERY 4978,5207.8,Comida
2023-05-19,TEATRO 1971,2388.91,Entretenimiento
2023-05-19,AGUA 3977,4789.67,Servicios
2023-05-19,DELIVERY 8432,14954.68,Comida
2023-05-20,MERCADO 5526,8927.95,Comida
2023-05-20,SUPERMERCADO 7290,13462.85,Comida
2023-05-21,INTERNET 5742,23355.46,Servicios
2023-05-21,FARMACIA 4920,27150.66,Salud
2023-05-23,PANADERIA 2679,2761.92,Comida
2023-05-23,TELEFONO 5961,17453.01,Servicios
2023-05-24,MERCADO 7291,6801.64,Comida
2023-05-24,MERCADO 1609,10121.29,Comida
2023-05-24,MERCADOLIBRE 5537,23282.24,Compras
2023-05-24,CAFE 5739,9546.49,Comida
2023-05-24,ESTACIONAMIENTO 4006,1966.67,Transporte
2023-05-26,SPOTIFY 6110,4844.57,Entretenimiento
2023-05-27,INTERNET 3287,19038.16,Servicios
2023-05-27,BAR 7566,1565.68,Entretenimiento
2023-05-28,SPOTIFY 8032,4005.85,Entretenimiento
2023-05-28,DELIVERY 3529,2873.01,Comida
2023-05-28,NETFLIX 9341,9122.94,Entretenimiento
2023-05-30,RESTAURANT 1689,9680.69,Comida
2023-05-30,PANADERIA 6277,12908.19,Comida
2023-05-30,CINE 3739,9092.29,Entretenimiento
2023-05-30,SUPERMERCADO 1627,9503.28,Comida
2023-05-31,AGUA 2502,14907.86,Servicios
2023-06-01,CONCIERTO 4968,11296.46,Entretenimiento
2023-06-02,DELIVERY 9824,17825.31,Comida
2023-06-03,CAFE 9647,6230.82,Comida
2023-06-03,NETFLIX 1579,12732.82,Entretenimiento
2023-06-04,SUPERMERCADO 7275,16182.1,Comida
2023-06-04,RESTAURANT 1402,11982.64,Comida
2023-06-04,AMAZON 7718,27224.75,Compras
2023-06-05,MEDICO 5978,34273.61,Salud
2023-06-06,RESTAURANT 3646,3405.25,Comida
2023-06-06,PANADERIA 8770,10242.7,Comida
2023-06-06,TIENDA 3697,12824.27,Compras
2023-06-06,ESTACIONAMIENTO 7121,6076.76,Transporte
2023-06-07,TELECOM 3962,20983.13,Servicios
2023-06-08,MERCADOLIBRE 5861,38866.64,Compras
2023-06-08,UBER 5846,5784.94,Transporte
2023-06-09,CAFE 6353,11336.96,Comida
2023-06-10,SUPERMERCADO 3847,6614.61,Comida
2023-06-11,MERCADO 8237,7512.8,Comida
2023-06-11,RESTAURANT 2685,6773.02,Comida
2023-06-12,TELEFONO 8777,24900.44,Servicios
2023-06-13,COMBUSTIBLE 6123,5065.98,Transporte
2023-06-13,PANADERIA 7924,6974.7,Comida
2023-06-14,RESTAURANT 7744,9945.65,Comida
2023-06-15,HOSPITAL 4694,18635.9,Salud
2023-06-15,CONCIERTO 8239,14268.71,Entretenimiento
2023-06-15,MEDICO 3267,19155.4,Salud
2023-06-16,DELIVERY 5902,6976.43,Comida
2023-06-16,TIENDA 6820,47047.65,Compras
2023-06-17,RESTAURANT 2771,17360.07,Comida
2023-06-17,DELIVERY 7216,6260.75,Comida
2023-06-18,DENTISTA 1035,20787.87,Salud
2023-06-18,SPOTIFY 9525,8006.97,Entretenimiento
2023-06-18,RESTAURANT 8894,16622.65,Comida
2023-06-19,GAS 3281,25405.82,Servicios
2023-06-19,DELIVERY 3091,13850.28,Comida
2023-06-20,PANADERIA 8272,1967.27,Comida
2023-06-20,ELECTRONICA 1725,10420.53,Compras
2023-06-21,CAFE 2876,15713.62,Comida
2023-06-22,ROPA 9115,27023.41,Compras
2023-06-22,SPOTIFY 5794,9396.26,Entretenimiento
2023-06-23,NETFLIX 9954,6241.6,Entretenimiento
2023-06-23,PEAJE 7237,1620.16,Transporte
2023-06-23,SUPERMERCADO 5405,8151.94,Comida
2023-06-24,BAR 7229,8243.55,Entretenimiento
2023-06-25,ELECTRONICA 6531,28538.28,Compras
2023-06-29,DELIVERY 9502,7164.74,Comida
2023-06-29,MERCADO 7267,6023.96,Comida
2023-06-29,ROPA 3880,10258.93,Compras
2023-06-29,ELECTRONICA 7643,39890.54,Compras
2023-06-30,PANADERIA 9486,6150.18,Comida
2023-07-01,TELEFONO 9095,14629.04,Servicios
2023-07-02,GAS 5349,10749.97,Servicios
2023-07-03,RESTAURANT 1256,8631.1,Comida
2023-07-03,NETFLIX 9450,1777.36,Entretenimiento
2023-07-03,MERCADO 2578,4035.99,Comida
2023-07-04,TELEFONO 1440,16706.57,Servicios
2023-07-05,CAFE 8141,6298.45,Comida
2023-07-09,MERCADOLIBRE 8822,40521.94,Compras
2023-07-10,ROPA 9804,33102.46,Compras
2023-07-10,CINE 2113,1321.4,Entretenimiento
2023-07-10,DELIVERY 9482,3376.08,Comida
2023-07-10,MERCADO 6523,14526.2,Comida
2023-07-10,PEAJE 5742,6956.72,Transporte
2023-07-11,RESTAURANT 6340,15874.24,Comida
2023-07-11,PEAJE 2402,6216.6,Transporte
2023-07-13,PEAJE 7418,6344.82,Transporte
2023-07-13,TELEFONO 2848,15738.73,Servicios
2023-07-14,MERCADO 2588,13270.96,Comida
2023-07-14,PEAJE 2922,6204.21,Transporte
2023-07-14,TAXI 9163,6481.85,Transporte
2023-07-14,BAR 8350,1418.96,Entretenimiento
2023-07-15,AMAZON 8225,3450.2,Compras
2023-07-15,AMAZON 5398,57427.28,Compras
2023-07-15,UBER 4954,7826.78,Transporte
2023-07-16,MEDICO 3253,18734.01,Salud
2023-07-16,CAFE 9625,14797.48,Comida
2023-07-18,COMBUSTIBLE 4727,8216.42,Transporte
2023-07-18,HOSPITAL 8218,6207.35,Salud
2023-07-20,LABORATORIO 5016,31128.63,Salud
2023-07-21,DENTISTA 2867,31573.78,Salud
2023-07-28,RESTAURANT 9998,16203.72,Comida
2023-07-29,TIENDA 4460,4670.98,Compras
2023-07-30,CAFE 9348,7290.5,Comida
2023-07-30,RESTAURANT 2025,6345.74,Comida
2023-07-31,AMAZON 2653,16176.77,Compras
2023-07-31,SUPERMERCADO 1972,4773.81,Comida
2023-08-01,CAFE 3362,4076.84,Comida
2023-08-01,PANADERIA 4457,2702.59,Comida
2023-08-03,TIENDA 2169,44951.71,Compras
2023-08-05,SUBE 4295,1932.44,Transporte
2023-08-05,CAFE 6155,14809.86,Comida
2023-08-06,SPOTIFY 5232,5600.67,Entretenimiento
2023-08-06,SUPERMERCADO 8900,11201.49,Comida
2023-08-06,TELEFONO 9179,7371.74,Servicios
2023-08-07,DELIVERY 1960,10069.77,Comida
2023-08-08,CAFE 3167,7597.07,Comida
2023-08-08,SUPERMERCADO 9824,3574.65,Comida
2023-08-08,SPOTIFY 8967,1837.44,Entretenimiento
2023-08-08,CAFE 5678,11950.63,Comida
2023-08-09,RESTAURANT 2674,7956.4,Comida
2023-08-09,DELIVERY 7878,1589.5,Comida
2023-08-10,CONCIERTO 8933,4939.79,Entretenimiento
2023-08-11,TEATRO 8285,1722.8,Entretenimiento
2023-08-11,UBER 2646,3557.33,Transporte
2023-08-11,MERCADO 9883,5563.54,Comida
2023-08-12,DELIVERY 4470,6982.31,Comida
2023-08-12,MEDICO 9279,7551.66,Salud
2023-08-12,BAR 8471,9228.8,Entretenimiento
2023-08-13,TAXI 8834,6767.86,Transporte
2023-08-13,PANADERIA 4115,13145.8,Comida
2023-08-13,SUPERMERCADO 9348,1421.6,Comida
2023-08-15,HOSPITAL 3754,2106.18,Salud
2023-08-16,MEDICO 8541,11765.43,Salud
2023-08-16,ROPA 6727,18409.86,Compras
2023-08-16,ELECTRONICA 9499,28888.07,Compras
2023-08-17,MERCADO 1372,7839.06,Comida
2023-08-17,EDENOR 4164,7748.06,Servicios
2023-08-18,PEAJE 2124,7269.56,Transporte
2023-08-18,TIENDA 5067,5189.3,Compras
2023-08-18,MERCADO 6736,9245.71,Comida
2023-08-19,BAR 5729,2825.5,Entretenimiento
2023-08-19,MERCADOLIBRE 3414,29622.76,Compras
2023-08-19,CONCIERTO 3441,1899.35,Entretenimiento
2023-08-19,RESTAURANT 5735,10376.21,Comida
2023-08-20,PANADERIA 7511,5360.36,Comida
2023-08-20,TELEFONO 4814,9045.73,Servicios
2023-08-21,PANADERIA 2480,13543.83,Comida
2023-08-23,MERCADO 6168,8369.09,Comida
2023-08-23,CINE 1514,6529.47,Entretenimiento
2023-08-24,NETFLIX 8546,8152.21,Entretenimiento
2023-08-25,UBER 4155,1207.44,Transporte
2023-08-26,AGUA 5161,22288.84,Servicios
2023-08-26,EDENOR 6580,3776.85,Servicios
2023-08-28,PEAJE 6224,3523.45,Transporte
2023-08-28,DELIVERY 1715,13978.17,Comida
2023-08-29,TELEFONO 5708,14059.85,Servicios
2023-08-30,TEATRO 2337,1746.21,Entretenimiento
2023-08-30,EDENOR 3399,11842.48,Servicios
2023-08-30,TELEFONO 7001,22161.32,Servicios
2023-08-30,INTERNET 2627,12972.35,Servicios
2023-08-31,DELIVERY 6881,5512.59,Comida
2023-08-31,TAXI 3900,933.06,Transporte
2023-08-31,DELIVERY 1430,5880.06,Comida
2023-08-31,COMBUSTIBLE 3347,1718.06,Transporte
2023-09-01,SPOTIFY 2996,5904.93,Entretenimiento
2023-09-01,GAS 6304,21825.32,Servicios
2023-09-01,TIENDA 8953,13498.97,Compras
2023-09-02,HOSPITAL 8684,2333.55,Salud
2023-09-02,UBER 5005,5677.62,Transporte
2023-09-02,SPOTIFY 7484,7251.39,Entretenimiento
2023-09-04,TEATRO 2163,1780.25,Entretenimiento
2023-09-04,LABORATORIO 2290,27038.6,Salud
2023-09-04,SUBE 7825,7560.2,Transporte
2023-09-05,TIENDA 3525,5309.98,Compras
2023-09-06,UBER 9700,2047.59,Transporte
2023-09-06,TEATRO 7669,9377.82,Entretenimiento
2023-09-07,DELIVERY 7560,9575.42,Comida
2023-09-07,ESTACIONAMIENTO 3369,2090.8,Transporte
2023-09-08,BAR 7751,6868.07,Entretenimiento
2023-09-08,CONCIERTO 1724,1685.21,Entretenimiento
2023-09-09,CINE 5569,6897.06,Entretenimiento
2023-09-10,COMBUSTIBLE 5890,1150.71,Transporte
2023-09-10,TELEFONO 9830,4628.98,Servicios
2023-09-10,AMAZON 2344,30466.13,Compras
2023-09-11,MERCADOLIBRE 2586,48325.7,Compras
2023-09-11,PANADERIA 7434,12637.1,Comida
2023-09-11,TAXI 2049,7779.9,Transporte
2023-09-11,SUPERMERCADO 1333,7295.58,Comida
2023-09-11,TELEFONO 2341,18592.38,Servicios
2023-09-13,MERCADO 1424,1375.11,Comida
2023-09-14,MERCADO 8873,4662.05,Comida
2023-09-14,FARMACIA 7092,9523.35,Salud
2023-09-16,SPOTIFY 2899,7278.56,Entretenimiento
2023-09-16,HOSPITAL 5379,25625.66,Salud
2023-09-16,ROPA 2869,18716.26,Compras
2023-09-17,FARMACIA 6850,14986.48,Salud
2023-09-17,MERCADO 4131,12064.61,Comida
2023-09-18,MERCADO 8144,4128.52,Comida
2023-09-19,TELECOM 6411,13472.4,Servicios
2023-09-20,TAXI 3842,5094.54,Transporte
2023-09-21,DELIVERY 9037,14533.97,Comida
2023-09-25,ESTACIONAMIENTO 4858,669.11,Transporte
2023-09-25,PANADERIA 6890,8269.5,Comida
2023-09-26,TIENDA 8311,18171.0,Compras
2023-09-26,PANADERIA 9019,7042.97,Comida
2023-09-27,PEAJE 8019,1103.78,Transporte
2023-09-28,MERCADO 2753,13960.62,Comida
2023-09-28,PANADERIA 2330,9792.68,Comida
2023-09-28,HOSPITAL 7606,17762.38,Salud
2023-09-29,CAFE 7932,7905.84,Comida
2023-09-30,MEDICO 2169,27744.86,Salud
2023-10-01,SUPERMERCADO 2771,9067.08,Comida
2023-10-01,UBER 5634,604.22,Transporte
2023-10-02,TAXI 7225,3418.45,Transporte
2023-10-04,CINE 3170,1713.39,Entretenimiento
2023-10-04,PEAJE 4598,2316.52,Transporte
2023-10-05,HOSPITAL 5118,8549.42,Salud
2023-10-05,MERCADO 2218,8692.82,Comida
2023-10-05,MERCADO 7108,6619.5,Comida
2023-10-05,BAR 5450,5521.31,Entretenimiento
2023-10-06,ESTACIONAMIENTO 7947,914.34,Transporte
2023-10-06,RESTAURANT 6238,13587.02,Comida
2023-10-06,BAR 9847,5058.05,Entretenimiento
2023-10-07,AGUA 9410,5353.57,Servicios
2023-10-08,EDENOR 6905,9704.52,Servicios
2023-10-08,MERCADO 1893,917.35,Comida
2023-10-09,TELECOM 4657,16170.49,Servicios
2023-10-09,ELECTRONICA 1920,22533.11,Compras
2023-10-09,DENTISTA 2269,13726.33,Salud
2023-10-09,SUBE 5697,4980.93,Transporte
2023-10-09,FARMACIA 2229,7204.28,Salud
2023-10-09,UBER 1803,7588.81,Transporte
2023-10-11,AMAZON 1058,35409.43,Compras
2023-10-11,PANADERIA 9595,10237.81,Comida
2023-10-11,SUPERMERCADO 3129,2009.57,Comida
2023-10-11,CONCIERTO 3078,4576.14,Entretenimiento
2023-10-12,ROPA 5133,38162.15,Compras
2023-10-12,UBER 6077,2489.21,Transporte
2023-10-13,CAFE 4705,5657.25,Comida
2023-10-13,TEATRO 5092,2918.03,Entretenimiento
2023-10-14,MERCADO 7070,7344.97,Comida
2023-10-15,SUBE 9827,6040.85,Transporte
2023-10-16,ELECTRONICA 4450,42944.45,Compras
2023-10-17,DELIVERY 8639,8016.92,Comida
2023-10-18,COMBUSTIBLE 9967,3167.12,Transporte
2023-10-18,SPOTIFY 3463,7380.95,Entretenimiento
2023-10-19,CINE 3626,6939.84,Entretenimiento
2023-10-20,DELIVERY 8973,13509.63,Comida
2023-10-20,RESTAURANT 1783,7100.69,Comida
2023-10-20,ELECTRONICA 1133,34795.91,Compras
2023-10-21,TAXI 6772,4969.34,Transporte
2023-10-21,DELIVERY 3273,13137.28,Comida
2023-10-21,UBER 2479,7057.12,Transporte
2023-10-22,AMAZON 9899,25210.19,Compras
2023-10-22,AMAZON 6674,30877.37,Compras
2023-10-22,RESTAURANT 5676,9808.59,Comida
2023-10-23,MEDICO 4065,27325.08,Salud
2023-10-23,PANADERIA 5632,1786.19,Comida
2023-10-24,PANADERIA 5949,2930.48,Comida
2023-10-24,MERCADO 4814,10106.57,Comida
2023-10-24,SUBE 5380,6763.29,Transporte
2023-10-24,MERCADO 7636,10596.19,Comida
2023-10-25,RESTAURANT 3580,944.46,Comida
2023-10-26,BAR 5979,4029.19,Entretenimiento
2023-10-26,MERCADO 4792,4539.56,Comida
2023-10-27,AMAZON 5503,34060.16,Compras
2023-10-28,DELIVERY 3591,9727.95,Comida
2023-10-29,MEDICO 7625,14857.76,Salud
2023-10-30,AMAZON 4921,30831.25,Compras
2023-10-30,NETFLIX 4214,3037.15,Entretenimiento
2023-10-30,HOSPITAL 2886,16286.88,Salud
2023-10-30,CAFE 4164,8330.17,Comida
2023-11-01,TEATRO 2195,6220.94,Entretenimiento
2023-11-02,CAFE 9022,2449.01,Comida
2023-11-02,ESTACIONAMIENTO 9920,1024.18,Transporte
2023-11-03,NETFLIX 7270,11949.81,Entretenimiento
2023-11-03,TEATRO 2260,5633.73,Entretenimiento
2023-11-03,SUPERMERCADO 4939,6321.67,Comida
2023-11-04,PANADERIA 3365,8445.41,Comida
2023-11-04,RESTAURANT 4290,8012.14,Comida
2023-11-05,RESTAURANT 9079,3698.87,Comida
2023-11-05,DENTISTA 1510,11241.79,Salud
2023-11-06,CAFE 1187,10505.07,Comida
2023-11-07,MERCADO 4470,13575.55,Comida
2023-11-08,RESTAURANT 4443,6790.85,Comida
2023-11-08,DELIVERY 2902,14435.52,Comida
2023-11-08,CINE 7483,7465.46,Entretenimiento
2023-11-09,BAR 1986,3641.6,Entretenimiento
2023-11-11,UBER 4361,1501.51,Transporte
2023-11-11,MERCADOLIBRE 1949,27888.43,Compras
2023-11-11,NETFLIX 7642,9749.95,Entretenimiento
2023-11-12,TEATRO 6896,6290.7,Entretenimiento
2023-11-12,COMBUSTIBLE 6892,5505.78,Transporte
2023-11-12,COMBUSTIBLE 1653,4111.83,Transporte
2023-11-12,DELIVERY 1379,10717.87,Comida
2023-11-13,PEAJE 3877,3405.96,Transporte
2023-11-13,ESTACIONAMIENTO 8842,7012.7,Transporte
2023-11-13,AGUA 1546,6355.86,Servicios
2023-11-14,PANADERIA 6562,853.81,Comida
2023-11-14,DELIVERY 8404,14274.44,Comida
2023-11-14,LABORATORIO 7171,24571.21,Salud
2023-11-14,PEAJE 8167,7018.94,Transporte
2023-11-17,ROPA 1749,37400.4,Compras
2023-11-17,DELIVERY 6120,13757.33,Comida
2023-11-17,CAFE 8033,9145.91,Comida
2023-11-18,PEAJE 5566,5906.4,Transporte
2023-11-18,DELIVERY 3481,609.66,Comida
2023-11-19,DELIVERY 1878,14761.06,Comida
2023-11-20,RESTAURANT 9444,7628.12,Comida
2023-11-20,RESTAURANT 4346,11324.13,Comida
2023-11-20,AMAZON 9779,31096.38,Compras
2023-11-21,PEAJE 8994,3140.17,Transporte
2023-11-21,TAXI 7337,556.06,Transporte
2023-11-21,AGUA 6714,5351.29,Servicios
2023-11-21,AMAZON 8372,12111.79,Compras
2023-11-22,DENTISTA 7246,29003.27,Salud
2023-11-23,MERCADO 6493,8941.47,Comida
2023-11-23,PEAJE 6658,7505.52,Transporte
2023-11-23,SUPERMERCADO 8642,7854.9,Comida
2023-11-24,SUPERMERCADO 7073,675.57,Comida
2023-11-26,ELECTRONICA 8792,33183.04,Compras
2023-11-27,GAS 5102,22694.55,Servicios
2023-11-28,NETFLIX 1111,9037.16,Entretenimiento
2023-11-29,MERCADOLIBRE 8988,36834.54,Compras
2023-11-30,DELIVERY 5592,12138.33,Comida
2023-12-01,AMAZON 5478,25559.5,Compras
2023-12-01,HOSPITAL 7211,37045.56,Salud
2023-12-01,DELIVERY 5844,2837.97,Comida
2023-12-02,SUBE 6218,318.39,Transporte
2023-12-02,TAXI 8449,4018.31,Transporte
2023-12-02,CINE 8483,13392.14,Entretenimiento
2023-12-02,MERCADO 1126,11355.77,Comida
2023-12-03,SUPERMERCADO 1046,13315.18,Comida
2023-12-04,DELIVERY 6484,1143.81,Comida
2023-12-04,SUPERMERCADO 7223,2504.76,Comida
2023-12-05,MERCADO 9423,5902.49,Comida
2023-12-05,LABORATORIO 7985,26737.28,Salud
2023-12-05,CAFE 8633,18558.67,Comida
2023-12-05,CONCIERTO 8739,2666.15,Entretenimiento
2023-12-06,TEATRO 3292,11782.92,Entretenimiento
2023-12-06,DELIVERY 2735,17611.86,Comida
2023-12-06,CONCIERTO 2795,10855.44,Entretenimiento
2023-12-07,ESTACIONAMIENTO 5065,5762.42,Transporte
2023-12-07,CAFE 7224,7478.14,Comida
2023-12-08,INTERNET 2713,18155.45,Servicios
2023-12-08,NETFLIX 5291,2689.62,Entretenimiento
2023-12-08,MERCADO 3317,17190.14,Comida
2023-12-10,INTERNET 8444,20441.87,Servicios
2023-12-10,EDENOR 7164,23588.38,Servicios
2023-12-11,AMAZON 9098,53926.32,Compras
2023-12-13,AMAZON 4770,18311.22,Compras
2023-12-13,BAR 7512,8779.84,Entretenimiento
2023-12-15,TIENDA 5526,56642.39,Compras
2023-12-15,COMBUSTIBLE 3547,8221.68,Transporte
2023-12-15,TAXI 1841,4696.0,Transporte
2023-12-18,DELIVERY 4389,3501.0,Comida
2023-12-18,SUPERMERCADO 5325,7909.09,Comida
2023-12-18,PEAJE 1793,686.13,Transporte
2023-12-18,PEAJE 2791,1088.7,Transporte
2023-12-19,TELEFONO 7244,7821.34,Servicios
2023-12-19,TELECOM 3981,7662.84,Servicios
2023-12-19,ROPA 6419,37258.94,Compras
2023-12-20,PANADERIA 6139,18795.92,Comida
2023-12-20,GAS 5901,8187.64,Servicios
2023-12-21,CAFE 5653,17063.64,Comida
2023-12-21,PEAJE 1157,6354.89,Transporte
2023-12-21,SUPERMERCADO 5516,1806.44,Comida
2023-12-23,UBER 8193,8591.4,Transporte
2023-12-23,COMBUSTIBLE 8501,9479.49,Transporte
2023-12-24,CINE 5002,8343.0,Entretenimiento
2023-12-24,TIENDA 3419,24484.42,Compras
2023-12-25,RESTAURANT 4728,10494.29,Comida
2023-12-25,RESTAURANT 7421,3091.36,Comida
2023-12-26,AGUA 6152,21115.01,Servicios
2023-12-26,ESTACIONAMIENTO 1693,1605.74,Transporte
2023-12-26,MERCADO 3972,5593.68,Comida
2023-12-27,SUBE 2215,7151.62,Transporte
2023-12-27,TELEFONO 8434,30920.3,Servicios
2023-12-27,UBER 9313,736.23,Transporte
2023-12-28,BAR 8126,11159.35,Entretenimiento
2023-12-29,PANADERIA 7929,17886.67,Comida
2023-12-31,CAFE 7150,17174.87,Comida
2024-01-02,TELECOM 5088,17299.21,Servicios
2024-01-03,SPOTIFY 5333,2875.77,Entretenimiento
2024-01-03,MERCADO 8939,3429.23,Comida
2024-01-04,MERCADO 9185,6574.74,Comida
2024-01-05,ELECTRONICA 7044,3925.24,Compras
2024-01-05,SPOTIFY 5040,9642.17,Entretenimiento
2024-01-05,NETFLIX 5952,7170.32,Entretenimiento
2024-01-06,LABORATORIO 4673,22224.32,Salud
2024-01-06,AGUA 1530,20638.02,Servicios
2024-01-07,CAFE 5728,10053.84,Comida
2024-01-07,RESTAURANT 3953,3692.66,Comida
2024-01-08,ROPA 2146,37419.05,Compras
2024-01-08,BAR 3621,8771.23,Entretenimiento
2024-01-09,CONCIERTO 4891,8481.55,Entretenimiento
2024-01-10,MERCADO 7563,13998.76,Comida
2024-01-12,SUBE 5369,1018.46,Transporte
2024-01-12,ELECTRONICA 4618,46496.05,Compras
2024-01-13,PANADERIA 5295,5530.82,Comida
2024-01-13,SUBE 9083,6427.37,Transporte
2024-01-14,RESTAURANT 3584,10975.56,Comida
2024-01-14,SPOTIFY 6314,5783.1,Entretenimiento
2024-01-15,UBER 9775,6323.13,Transporte
2024-01-15,RESTAURANT 8273,13474.84,Comida
2024-01-15,PEAJE 9850,4844.0,Transporte
2024-01-16,BAR 2680,11793.05,Entretenimiento
2024-01-16,NETFLIX 5403,1562.49,Entretenimiento
2024-01-17,SUPERMERCADO 1982,13550.27,Comida
2024-01-17,TIENDA 7347,10346.97,Compras
2024-01-18,HOSPITAL 6990,23797.99,Salud
2024-01-18,FARMACIA 8916,20209.64,Salud
2024-01-19,DELIVERY 8348,7787.21,Comida
2024-01-19,DELIVERY 3385,12013.37,Comida
2024-01-19,SUPERMERCADO 1461,10768.5,Comida
2024-01-21,MERCADOLIBRE 9813,40473.78,Compras
2024-01-21,RESTAURANT 3837,4955.7,Comida
2024-01-22,ELECTRONICA 8798,46994.63,Compras
2024-01-22,ESTACIONAMIENTO 2314,1341.72,Transporte
2024-01-22,TELEFONO 1647,9938.95,Servicios
2024-01-24,DENTISTA 6654,17181.46,Salud
2024-01-27,MERCADO 8711,1041.55,Comida
2024-01-28,SUPERMERCADO 9327,9353.99,Comida
2024-01-28,MERCADO 2678,3972.9,Comida
2024-01-29,TEATRO 2747,6969.97,Entretenimiento
2024-01-29,TEATRO 1672,2837.37,Entretenimiento
2024-01-30,DELIVERY 8668,10842.05,Comida
2024-01-30,MERCADO 5781,5346.46,Comida
2024-01-31,SPOTIFY 4060,10461.35,Entretenimiento
2024-01-31,PANADERIA 3492,11097.58,Comida
2024-02-01,LABORATORIO 2929,7747.6,Salud
2024-02-02,TEATRO 3258,7980.41,Entretenimiento
2024-02-03,COMBUSTIBLE 7624,1113.12,Transporte
2024-02-03,SPOTIFY 6909,4910.42,Entretenimiento
2024-02-03,MERCADO 4519,4250.0,Comida
2024-02-04,DELIVERY 1713,951.44,Comida
2024-02-04,COMBUSTIBLE 8454,2086.45,Transporte
2024-02-04,AGUA 9818,20371.6,Servicios
2024-02-05,CAFE 2083,5505.74,Comida
2024-02-07,ELECTRONICA 3086,22759.9,Compras
2024-02-07,COMBUSTIBLE 2865,3967.16,Transporte
2024-02-08,CAFE 1444,10664.05,Comida
2024-02-09,MERCADO 5332,6273.45,Comida
2024-02-10,PANADERIA 8517,12324.19,Comida
2024-02-10,TELEFONO 6005,14895.37,Servicios
2024-02-10,FARMACIA 4232,14588.34,Salud
2024-02-10,CAFE 7126,14089.81,Comida
2024-02-11,PEAJE 4249,7945.13,Transporte
2024-02-11,FARMACIA 8147,25569.66,Salud
2024-02-11,NETFLIX 6269,7753.27,Entretenimiento
2024-02-11,AMAZON 7112,14107.57,Compras
2024-02-12,CAFE 8756,8938.59,Comida
2024-02-12,RESTAURANT 5775,6730.02,Comida
2024-02-12,RESTAURANT 4109,3137.96,Comida
2024-02-13,SPOTIFY 5564,1938.82,Entretenimiento
2024-02-13,DELIVERY 2557,4448.46,Comida
2024-02-13,SUPERMERCADO 7070,2270.59,Comida
2024-02-14,CONCIERTO 8204,4208.29,Entretenimiento
2024-02-14,SUPERMERCADO 3417,1505.74,Comida
2024-02-15,RESTAURANT 2084,12131.86,Comida
2024-02-16,LABORATORIO 1659,13018.0,Salud
2024-02-16,ESTACIONAMIENTO 4839,7974.24,Transporte
2024-02-17,CAFE 5558,4907.22,Comida
2024-02-18,SUBE 1018,7894.82,Transporte
2024-02-20,AGUA 4984,13131.87,Servicios
2024-02-20,SUBE 1006,3893.08,Transporte
2024-02-21,ROPA 4937,9220.01,Compras
2024-02-21,TELEFONO 8793,21981.54,Servicios
2024-02-21,ROPA 8886,44112.29,Compras
2024-02-22,CINE 1430,9854.88,Entretenimiento
2024-02-23,PEAJE 9056,4999.32,Transporte
2024-02-23,SUPERMERCADO 5913,3997.42,Comida
2024-02-23,MERCADOLIBRE 3218,25378.97,Compras
2024-02-23,CONCIERTO 9180,2488.89,Entretenimiento
2024-02-23,COMBUSTIBLE 1857,6114.26,Transporte
2024-02-25,CAFE 8726,13942.0,Comida
2024-02-26,LABORATORIO 8248,17795.51,Salud
2024-02-27,CINE 3938,1395.37,Entretenimiento
2024-02-27,CONCIERTO 4340,10878.34,Entretenimiento
2024-02-28,MERCADO 4073,2716.46,Comida
2024-02-28,TIENDA 8430,27233.13,Compras
2024-02-28,HOSPITAL 5508,22408.01,Salud
2024-02-28,AGUA 2387,18568.98,Servicios
2024-02-29,TIENDA 4531,23408.28,Compras
2024-02-29,RESTAURANT 9318,7476.53,Comida
2024-02-29,PANADERIA 2622,13521.79,Comida
2024-03-01,DELIVERY 7590,1032.46,Comida
2024-03-01,ESTACIONAMIENTO 1945,7048.2,Transporte
2024-03-01,AMAZON 4388,29525.02,Compras
2024-03-01,DELIVERY 8736,6668.83,Comida
2024-03-01,PANADERIA 9998,11451.42,Comida
2024-03-01,PANADERIA 8272,13295.04,Comida
2024-03-01,MERCADOLIBRE 4289,46427.29,Compras
2024-03-01,UBER 2901,7781.64,Transporte
2024-03-02,CAFE 9683,7579.5,Comida
2024-03-02,BAR 6040,6098.43,Entretenimiento
2024-03-02,PEAJE 6241,1308.67,Transporte
2024-03-05,CAFE 3531,11374.43,Comida
2024-03-05,TAXI 8359,2471.59,Transporte
2024-03-06,TEATRO 1320,5932.9,Entretenimiento
2024-03-06,DENTISTA 3851,21554.25,Salud
2024-03-09,RESTAURANT 2044,14646.35,Comida
2024-03-09,UBER 5720,6209.18,Transporte
2024-03-09,TEATRO 8651,6893.52,Entretenimiento
2024-03-09,DELIVERY 2211,4591.71,Comida
2024-03-10,BAR 7214,3376.42,Entretenimiento
2024-03-11,MERCADO 9922,12091.45,Comida
2024-03-12,CAFE 8305,3072.87,Comida
2024-03-12,CONCIERTO 2768,3948.7,Entretenimiento
2024-03-13,SUBE 6372,2729.8,Transporte
2024-03-14,TELECOM 3161,20707.95,Servicios
2024-03-15,GAS 1430,9536.68,Servicios
2024-03-15,SPOTIFY 9582,8552.49,Entretenimiento
2024-03-16,DELIVERY 4743,12606.49,Comida
2024-03-16,FARMACIA 5640,22368.41,Salud
2024-03-16,PANADERIA 3230,12559.61,Comida
2024-03-16,SUBE 6279,5003.63,Transporte
2024-03-16,MEDICO 1685,27527.36,Salud
2024-03-18,MERCADOLIBRE 7227,19678.86,Compras
2024-03-20,UBER 2646,4439.71,Transporte
2024-03-21,SUPERMERCADO 9548,3227.76,Comida
2024-03-21,TIENDA 7899,46789.44,Compras
2024-03-22,ESTACIONAMIENTO 1475,7124.09,Transporte
2024-03-22,LABORATORIO 9379,21335.26,Salud
2024-03-24,INTERNET 2133,6495.98,Servicios
2024-03-24,CAFE 5956,852.58,Comida
2024-03-24,EDENOR 7731,21414.29,Servicios
2024-03-25,CAFE 9564,14551.99,Comida
2024-03-25,MERCADO 8679,3535.57,Comida
2024-03-26,RESTAURANT 4490,13689.59,Comida
2024-03-26,MERCADO 8682,3887.31,Comida
2024-03-26,TEATRO 8933,10550.98,Entretenimiento
2024-03-27,DELIVERY 1011,13706.17,Comida
2024-03-28,HOSPITAL 8849,26699.88,Salud
2024-03-28,PANADERIA 5961,759.17,Comida
2024-03-28,AMAZON 4365,25854.25,Compras
2024-03-29,GAS 9270,20676.58,Servicios
2024-03-29,COMBUSTIBLE 8025,2764.26,Transporte
2024-03-30,MERCADOLIBRE 5906,31963.42,Compras
2024-03-30,BAR 5668,9279.88,Entretenimiento
2024-04-01,CAFE 7981,5584.09,Comida
2024-04-01,COMBUSTIBLE 7408,2229.23,Transporte
2024-04-02,SPOTIFY 6400,11533.88,Entretenimiento
2024-04-03,AMAZON 2524,42421.71,Compras
2024-04-04,BAR 9395,7638.36,Entretenimiento
2024-04-04,CAFE 8851,4081.19,Comida
2024-04-04,SUPERMERCADO 9749,13272.63,Comida
2024-04-05,ELECTRONICA 4084,13120.24,Compras
2024-04-05,CAFE 8037,11901.03,Comida
2024-04-05,TIENDA 5050,21805.65,Compras
2024-04-06,CAFE 5582,10038.76,Comida
2024-04-06,DELIVERY 4737,2658.88,Comida
2024-04-06,MERCADO 6626,3059.66,Comida
2024-04-06,SUPERMERCADO 8613,12300.03,Comida
2024-04-07,MERCADO 2525,3583.34,Comida
2024-04-07,CAFE 4629,8954.1,Comida
2024-04-07,SUPERMERCADO 8292,14946.84,Comida
2024-04-09,SUBE 8048,375.26,Transporte
2024-04-09,PEAJE 6977,1641.86,Transporte
2024-04-09,MERCADO 5315,7874.28,Comida
2024-04-09,SUPERMERCADO 9409,12353.02,Comida
2024-04-09,INTERNET 3578,13900.81,Servicios
2024-04-09,CAFE 1901,6221.35,Comida
2024-04-10,MERCADO 6153,5764.69,Comida
2024-04-11,ROPA 4185,20532.93,Compras
2024-04-11,INTERNET 4090,16104.05,Servicios
2024-04-12,INTERNET 4263,17105.25,Servicios
2024-04-13,MERCADOLIBRE 4524,6507.23,Compras
2024-04-13,RESTAURANT 2188,4037.85,Comida
2024-04-13,FARMACIA 3219,12439.24,Salud
2024-04-14,PANADERIA 5215,8026.37,Comida
2024-04-15,RESTAURANT 1153,12408.23,Comida
2024-04-15,LABORATORIO 6608,16866.1,Salud
2024-04-16,SUPERMERCADO 6770,11653.74,Comida
2024-04-17,RESTAURANT 7256,11280.87,Comida
2024-04-17,PEAJE 4434,5890.16,Transporte
2024-04-17,AMAZON 3522,28724.62,Compras
2024-04-18,TAXI 7636,3411.77,Transporte
2024-04-19,UBER 7761,6785.99,Transporte
2024-04-19,TELEFONO 9199,24588.54,Servicios
2024-04-20,SUPERMERCADO 6573,2122.83,Comida
2024-04-20,SUBE 8354,5953.14,Transporte
2024-04-20,PANADERIA 9702,10602.69,Comida
2024-04-20,FARMACIA 5082,2163.25,Salud
2024-04-21,RESTAURANT 9955,12773.56,Comida
2024-04-21,RESTAURANT 6090,11073.02,Comida
2024-04-21,TEATRO 8244,1498.34,Entretenimiento
2024-04-22,CONCIERTO 9476,7947.16,Entretenimiento
2024-04-23,LABORATORIO 3126,17992.25,Salud
2024-04-24,RESTAURANT 4159,5188.89,Comida
2024-04-24,CINE 3306,5389.03,Entretenimiento
2024-04-25,ESTACIONAMIENTO 8216,4801.36,Transporte
2024-04-26,SPOTIFY 7690,8470.13,Entretenimiento
2024-04-27,MERCADO 6374,3057.61,Comida
2024-04-27,CAFE 4578,12477.98,Comida
2024-04-28,SPOTIFY 7274,11046.16,Entretenimiento
2024-04-28,MERCADO 5703,12999.21,Comida
2024-04-29,PEAJE 3780,6880.62,Transporte
2024-04-29,LABORATORIO 9698,29991.95,Salud
2024-04-29,MERCADOLIBRE 4692,25416.99,Compras
2024-05-01,MERCADO 7035,1561.34,Comida
2024-05-01,SUBE 2193,4455.81,Transporte
2024-05-02,DELIVERY 6931,1739.87,Comida
2024-05-02,FARMACIA 8178,17494.85,Salud
2024-05-03,PANADERIA 4267,1887.86,Comida
2024-05-04,AMAZON 4751,10895.85,Compras
2024-05-05,NETFLIX 4350,10846.3,Entretenimiento
2024-05-05,SUPERMERCADO 6455,12692.64,Comida
2024-05-05,RESTAURANT 3910,14139.85,Comida
2024-05-09,SUPERMERCADO 7653,11177.83,Comida
2024-05-09,MERCADO 5840,8697.29,Comida
2024-05-10,RESTAURANT 6446,12243.18,Comida
2024-05-10,TEATRO 8136,1855.08,Entretenimiento
2024-05-11,PANADERIA 4919,13995.98,Comida
2024-05-12,ELECTRONICA 8242,8567.29,Compras
2024-05-14,HOSPITAL 1040,23332.85,Salud
2024-05-14,SUPERMERCADO 5471,8468.17,Comida
2024-05-15,SUPERMERCADO 9882,2260.1,Comida
2024-05-15,MEDICO 2354,15898.39,Salud
2024-05-16,CAFE 7686,3264.97,Comida
2024-05-16,SUPERMERCADO 5402,9821.79,Comida
2024-05-17,CONCIERTO 8267,5503.53,Entretenimiento
2024-05-18,AMAZON 3332,18602.12,Compras
2024-05-20,ESTACIONAMIENTO 2317,6030.27,Transporte
2024-05-20,SUPERMERCADO 9261,13465.77,Comida
2024-05-20,MERCADO 1771,5215.16,Comida
2024-05-21,AGUA 2847,14137.85,Servicios
2024-05-21,COMBUSTIBLE 6289,6943.6,Transporte
2024-05-22,AMAZON 3068,10699.19,Compras
2024-05-23,HOSPITAL 9568,28719.22,Salud
2024-05-23,ESTACIONAMIENTO 9368,3078.61,Transporte
2024-05-23,TELEFONO 9151,3871.61,Servicios
2024-05-24,CONCIERTO 9938,8774.55,Entretenimiento
2024-05-24,CAFE 3344,8763.4,Comida
2024-05-24,ROPA 3878,3629.41,Compras
2024-05-25,CONCIERTO 5781,4079.77,Entretenimiento
2024-05-26,DENTISTA 6427,7585.07,Salud
2024-05-27,PEAJE 6666,6313.58,Transporte
2024-05-27,MERCADOLIBRE 9317,13966.03,Compras
2024-05-28,NETFLIX 2013,6639.57,Entretenimiento
2024-05-29,CAFE 7859,12360.52,Comida
2024-05-29,CAFE 6439,11246.25,Comida
2024-05-29,BAR 3579,1925.54,Entretenimiento
2024-05-29,CONCIERTO 3762,4577.09,Entretenimiento
2024-06-01,DENTISTA 5114,12638.73,Salud
2024-06-02,RESTAURANT 9209,733.35,Comida
2024-06-02,PANADERIA 7853,13813.53,Comida
2024-06-02,INTERNET 3170,16869.62,Servicios
2024-06-03,COMBUSTIBLE 7691,7333.44,Transporte
2024-06-03,ELECTRONICA 1333,15645.39,Compras
2024-06-04,INTERNET 1298,16691.12,Servicios
2024-06-05,TELEFONO 5479,8537.95,Servicios
2024-06-05,CINE 1721,5977.34,Entretenimiento
2024-06-05,SUBE 9025,4439.77,Transporte
2024-06-06,DELIVERY 1911,16792.36,Comida
2024-06-08,MERCADO 6655,10029.08,Comida
2024-06-09,DELIVERY 8635,2075.38,Comida
2024-06-09,CAFE 2786,1061.66,Comida
2024-06-10,PEAJE 2560,9404.42,Transporte
2024-06-11,SUBE 2739,8981.07,Transporte
2024-06-11,DELIVERY 9171,1121.54,Comida
2024-06-11,PANADERIA 6491,11778.1,Comida
2024-06-12,SUPERMERCADO 3623,17055.15,Comida
2024-06-13,HOSPITAL 3735,1853.53,Salud
2024-06-13,ESTACIONAMIENTO 2982,6820.26,Transporte
2024-06-14,RESTAURANT 9167,3395.86,Comida
2024-06-15,TELEFONO 8291,4870.97,Servicios
2024-06-15,AGUA 3440,15099.4,Servicios
2024-06-15,TAXI 6325,1189.3,Transporte
2024-06-17,DELIVERY 6706,4966.82,Comida
2024-06-19,ESTACIONAMIENTO 8381,9413.1,Transporte
2024-06-20,AMAZON 7484,37873.72,Compras
2024-06-20,MERCADOLIBRE 4948,39598.7,Compras
2024-06-20,COMBUSTIBLE 2108,2806.65,Transporte
2024-06-21,COMBUSTIBLE 7821,2254.29,Transporte
2024-06-22,DELIVERY 9653,5874.43,Comida
2024-06-22,ROPA 7708,26691.13,Compras
2024-06-22,DELIVERY 1251,14437.65,Comida
2024-06-22,ELECTRONICA 9312,25977.64,Compras
2024-06-22,MERCADO 2041,16196.24,Comida
2024-06-23,CINE 6517,8667.66,Entretenimiento
2024-06-23,CONCIERTO 6053,12409.38,Entretenimiento
2024-06-24,TIENDA 7367,46867.92,Compras
2024-06-24,MERCADO 6916,6896.24,Comida
2024-06-25,INTERNET 1188,18417.72,Servicios
2024-06-26,COMBUSTIBLE 7521,6263.89,Transporte
2024-06-26,TAXI 7878,1574.68,Transporte
2024-06-27,CAFE 1138,15065.9,Comida
2024-06-27,ELECTRONICA 4176,48409.91,Compras
2024-06-27,ELECTRONICA 5465,50720.53,Compras
2024-06-29,ESTACIONAMIENTO 7071,6113.94,Transporte
2024-06-30,PANADERIA 5010,4010.1,Comida
2024-06-30,PANADERIA 6886,13431.35,Comida
2024-07-01,CONCIERTO 1611,7757.32,Entretenimiento
2024-07-03,AMAZON 7201,48963.69,Compras
2024-07-03,UBER 8451,8849.85,Transporte
2024-07-04,LABORATORIO 3501,21364.06,Salud
2024-07-06,MEDICO 1924,22840.5,Salud
2024-07-06,ELECTRONICA 1009,48947.73,Compras
2024-07-06,EDENOR 6733,18341.87,Servicios
2024-07-07,INTERNET 3858,8313.58,Servicios
2024-07-07,UBER 3267,7975.64,Transporte
2024-07-08,UBER 2121,3060.9,Transporte
2024-07-08,CINE 2130,12056.74,Entretenimiento
2024-07-10,INTERNET 9880,27102.81,Servicios
2024-07-10,UBER 6890,7510.01,Transporte
2024-07-12,UBER 7049,2988.02,Transporte
2024-07-12,SPOTIFY 6262,10472.54,Entretenimiento
2024-07-13,MERCADOLIBRE 8717,21485.59,Compras
2024-07-13,INTERNET 3868,20132.22,Servicios
2024-07-13,CAFE 4613,9202.91,Comida
2024-07-13,SUPERMERCADO 7965,15532.28,Comida
2024-07-13,RESTAURANT 5331,11219.81,Comida
2024-07-14,BAR 4312,5232.92,Entretenimiento
2024-07-16,CAFE 2854,819.37,Comida
2024-07-17,PANADERIA 6530,964.44,Comida
2024-07-18,FARMACIA 7684,10620.28,Salud
2024-07-18,PANADERIA 8007,9618.94,Comida
2024-07-19,CAFE 7180,12458.15,Comida
2024-07-19,AMAZON 3564,29700.19,Compras
2024-07-20,BAR 5668,10474.77,Entretenimiento
2024-07-20,TELEFONO 7870,6782.74,Servicios
2024-07-20,INTERNET 3068,19976.17,Servicios
2024-07-20,TAXI 5462,9287.89,Transporte
2024-07-21,SUPERMERCADO 4143,1308.68,Comida
2024-07-22,TELECOM 9022,11962.51,Servicios
2024-07-23,DELIVERY 1768,5120.75,Comida
2024-07-23,RESTAURANT 2882,7373.74,Comida
2024-07-23,MERCADO 9464,1058.79,Comida
2024-07-24,HOSPITAL 2479,1958.42,Salud
2024-07-25,PANADERIA 7333,9943.35,Comida
2024-07-25,ESTACIONAMIENTO 4697,2657.17,Transporte
2024-07-25,ELECTRONICA 4621,5410.05,Compras
2024-07-26,TELECOM 9537,17255.9,Servicios
2024-07-26,BAR 6198,12782.63,Entretenimiento
2024-07-26,DENTISTA 6049,29362.65,Salud
2024-07-26,TIENDA 2180,29714.74,Compras
2024-07-27,ROPA 3532,21868.52,Compras
2024-07-27,CONCIERTO 5480,4586.63,Entretenimiento
2024-07-28,FARMACIA 2832,27134.29,Salud
2024-07-29,BAR 9109,3207.78,Entretenimiento
2024-07-30,TAXI 3390,3015.57,Transporte
2024-07-30,PEAJE 7547,4087.85,Transporte
2024-07-31,MERCADO 1464,1878.84,Comida
2024-07-31,SUPERMERCADO 9939,2002.47,Comida
2024-07-31,CONCIERTO 1539,11246.8,Entretenimiento
2024-07-31,TELECOM 8619,19000.94,Servicios
2024-07-31,MERCADO 2011,16903.07,Comida
2024-08-01,AMAZON 4613,22052.53,Compras
2024-08-02,CINE 6688,8653.24,Entretenimiento
2024-08-02,MERCADOLIBRE 3785,39852.67,Compras
2024-08-02,UBER 9653,6757.48,Transporte
2024-08-03,DENTISTA 9856,7315.02,Salud
2024-08-03,TELECOM 7024,4562.17,Servicios
2024-08-04,CAFE 2758,2009.59,Comida
2024-08-04,CAFE 2391,12376.98,Comida
2024-08-05,DELIVERY 6986,4513.81,Comida
2024-08-06,NETFLIX 9180,9408.1,Entretenimiento
2024-08-06,RESTAURANT 9720,5545.15,Comida
2024-08-06,BAR 7209,2788.79,Entretenimiento
2024-08-07,ELECTRONICA 8744,13618.65,Compras
2024-08-09,CINE 5389,6801.4,Entretenimiento
2024-08-09,SUBE 3455,3688.18,Transporte
2024-08-10,AMAZON 4742,34091.49,Compras
2024-08-10,DELIVERY 7843,2248.22,Comida
2024-08-11,AGUA 7931,11711.35,Servicios
2024-08-11,MERCADO 3053,9089.08,Comida
2024-08-11,RESTAURANT 5837,13672.53,Comida
2024-08-12,DELIVERY 8814,5265.64,Comida
2024-08-12,PANADERIA 7149,13421.58,Comida
2024-08-14,MERCADOLIBRE 8951,7314.59,Compras
2024-08-14,SUPERMERCADO 2139,7680.07,Comida
2024-08-14,CAFE 6253,13355.76,Comida
2024-08-14,EDENOR 9796,14426.49,Servicios
2024-08-15,MERCADO 1742,10576.79,Comida
2024-08-15,MERCADO 6111,14563.24,Comida
2024-08-15,SUBE 1651,5596.78,Transporte
2024-08-16,SPOTIFY 3153,7673.87,Entretenimiento
2024-08-19,LABORATORIO 3426,24588.23,Salud
2024-08-19,ROPA 9755,13978.22,Compras
2024-08-20,DENTISTA 6930,19264.0,Salud
2024-08-20,ROPA 2489,42868.4,Compras
2024-08-20,SPOTIFY 1797,5881.25,Entretenimiento
2024-08-21,AGUA 7086,12948.79,Servicios
2024-08-23,SUPERMERCADO 4817,3718.6,Comida
2024-08-23,LABORATORIO 6400,18526.27,Salud
2024-08-25,TAXI 1117,2546.85,Transporte
2024-08-25,PEAJE 6744,6660.34,Transporte
2024-08-26,SPOTIFY 1106,2534.43,Entretenimiento
2024-08-29,TIENDA 6280,49338.12,Compras
2024-08-29,GAS 3526,5879.22,Servicios
2024-08-30,COMBUSTIBLE 9311,5624.64,Transporte
2024-08-31,MERCADO 8314,2260.08,Comida
2024-09-01,LABORATORIO 5728,22825.4,Salud
2024-09-03,COMBUSTIBLE 2647,6224.08,Transporte
2024-09-03,SUBE 6315,801.05,Transporte
2024-09-03,ELECTRONICA 5831,40393.05,Compras
2024-09-03,BAR 1269,3428.47,Entretenimiento
2024-09-03,CONCIERTO 8710,10219.27,Entretenimiento
2024-09-03,ESTACIONAMIENTO 5350,3937.62,Transporte
2024-09-04,MERCADO 8078,4160.34,Comida
2024-09-04,PANADERIA 1797,1965.16,Comida
2024-09-05,MERCADO 1125,14821.19,Comida
2024-09-05,SPOTIFY 9005,10586.07,Entretenimiento
2024-09-08,MEDICO 2234,29546.38,Salud
2024-09-08,MERCADO 4257,3159.37,Comida
2024-09-11,GAS 7499,7454.57,Servicios
2024-09-11,SUPERMERCADO 8371,12314.96,Comida
2024-09-12,PANADERIA 9138,9000.33,Comida
2024-09-12,LABORATORIO 3290,4925.96,Salud
2024-09-13,SUPERMERCADO 6121,1327.76,Comida
2024-09-14,SUPERMERCADO 2076,14252.57,Comida
2024-09-15,CONCIERTO 3803,11140.62,Entretenimiento
2024-09-15,CONCIERTO 5381,6236.55,Entretenimiento
2024-09-16,CONCIERTO 3688,2264.26,Entretenimiento
2024-09-16,AGUA 4150,8997.73,Servicios
2024-09-16,PANADERIA 2625,2368.76,Comida
2024-09-16,MERCADOLIBRE 6962,46532.11,Compras
2024-09-16,TAXI 2035,3467.62,Transporte
2024-09-17,DELIVERY 2871,1445.47,Comida
2024-09-18,CONCIERTO 9666,2948.22,Entretenimiento
2024-09-18,UBER 2077,5857.01,Transporte
2024-09-21,UBER 9543,7162.84,Transporte
2024-09-21,CAFE 2388,10023.31,Comida
2024-09-21,ELECTRONICA 9307,24435.27,Compras
2024-09-21,MERCADO 4943,10578.01,Comida
2024-09-21,ELECTRONICA 2530,14390.4,Compras
2024-09-22,EDENOR 2298,5861.9,Servicios
2024-09-22,SUBE 5930,963.11,Transporte
2024-09-22,TEATRO 5067,10547.1,Entretenimiento
2024-09-24,PEAJE 1496,2139.97,Transporte
2024-09-24,TAXI 5873,4082.94,Transporte
2024-09-24,MERCADO 2336,9058.34,Comida
2024-09-24,SUPERMERCADO 7172,13240.13,Comida
2024-09-24,DELIVERY 6928,5071.71,Comida
2024-09-26,CINE 7868,3466.96,Entretenimiento
2024-09-26,PANADERIA 4945,11287.22,Comida
2024-09-27,TIENDA 3240,29126.39,Compras
2024-09-28,SUPERMERCADO 4908,2222.86,Comida
2024-09-29,SUPERMERCADO 8600,11940.28,Comida
2024-09-29,BAR 1441,2112.35,Entretenimiento
2024-09-30,ELECTRONICA 2946,4314.18,Compras
2024-10-02,DELIVERY 1845,4633.88,Comida
2024-10-02,DELIVERY 4203,6443.62,Comida
2024-10-02,SUBE 4241,5585.08,Transporte
2024-10-03,PEAJE 7999,3954.48,Transporte
2024-10-04,COMBUSTIBLE 3473,2440.46,Transporte
2024-10-04,TEATRO 7146,6639.2,Entretenimiento
2024-10-05,CONCIERTO 3480,10122.15,Entretenimiento
2024-10-05,CINE 1645,11147.49,Entretenimiento
2024-10-05,BAR 6925,5841.68,Entretenimiento
2024-10-06,NETFLIX 4053,6999.75,Entretenimiento
2024-10-07,TELECOM 2113,9442.08,Servicios
2024-10-08,MERCADOLIBRE 3209,31599.22,Compras
2024-10-08,CONCIERTO 6482,2692.85,Entretenimiento
2024-10-09,CAFE 4963,10367.24,Comida
2024-10-12,TEATRO 7116,5053.79,Entretenimiento
2024-10-12,PANADERIA 6869,13654.33,Comida
2024-10-12,DELIVERY 2494,13412.65,Comida
2024-10-12,SUBE 5496,4825.02,Transporte
2024-10-12,ESTACIONAMIENTO 3506,5037.03,Transporte
2024-10-12,ROPA 5951,19394.91,Compras
2024-10-14,COMBUSTIBLE 9540,6256.02,Transporte
2024-10-15,AGUA 2680,7685.21,Servicios
2024-10-16,SUBE 8489,3720.82,Transporte
2024-10-16,CAFE 4258,1616.21,Comida
2024-10-16,DELIVERY 5097,10972.66,Comida
2024-10-16,UBER 1409,7615.57,Transporte
2024-10-17,PANADERIA 8080,7931.29,Comida
2024-10-18,RESTAURANT 2827,2064.43,Comida
2024-10-18,CONCIERTO 7887,9412.91,Entretenimiento
2024-10-18,SUBE 7548,5171.95,Transporte
2024-10-18,CAFE 9590,1651.58,Comida
2024-10-19,CINE 9584,9520.97,Entretenimiento
2024-10-20,SPOTIFY 3093,7059.43,Entretenimiento
2024-10-22,CINE 5065,7944.38,Entretenimiento
2024-10-22,COMBUSTIBLE 1992,4565.19,Transporte
2024-10-23,CINE 2465,7013.67,Entretenimiento
2024-10-24,UBER 8369,3276.91,Transporte
2024-10-26,TEATRO 2911,7954.91,Entretenimiento
2024-10-27,RESTAURANT 3604,14460.75,Comida
2024-10-27,UBER 6383,7042.16,Transporte
2024-10-27,PANADERIA 9928,8108.97,Comida
2024-10-28,COMBUSTIBLE 9817,2956.15,Transporte
2024-10-28,SUPERMERCADO 7825,12518.81,Comida
2024-10-29,MERCADO 1508,7643.06,Comida
2024-10-29,DELIVERY 5557,5170.15,Comida
2024-10-29,CAFE 4804,6168.14,Comida
2024-11-01,CONCIERTO 4522,3836.76,Entretenimiento
2024-11-02,CAFE 4728,5448.09,Comida
2024-11-02,MERCADO 2559,7297.14,Comida
2024-11-02,PANADERIA 1090,764.22,Comida
2024-11-02,RESTAURANT 5476,1550.48,Comida
2024-11-03,FARMACIA 6447,23633.01,Salud
2024-11-04,BAR 8569,3609.49,Entretenimiento
2024-11-04,GAS 9565,8219.48,Servicios
2024-11-05,ESTACIONAMIENTO 6804,5131.99,Transporte
2024-11-05,CINE 5649,2792.28,Entretenimiento
2024-11-06,DELIVERY 1257,5404.88,Comida
2024-11-07,RESTAURANT 6021,8006.82,Comida
2024-11-07,SUBE 4621,3430.21,Transporte
2024-11-09,ESTACIONAMIENTO 1601,1195.13,Transporte
2024-11-09,ESTACIONAMIENTO 9609,2202.86,Transporte
2024-11-09,TAXI 1349,2311.81,Transporte
2024-11-10,UBER 5920,2132.3,Transporte
2024-11-10,CAFE 7046,13038.47,Comida
2024-11-10,AMAZON 3200,19767.62,Compras
2024-11-11,MEDICO 1848,4708.54,Salud
2024-11-11,SPOTIFY 6143,7728.93,Entretenimiento
2024-11-12,RESTAURANT 7132,8859.49,Comida
2024-11-13,EDENOR 6794,20507.44,Servicios
2024-11-14,EDENOR 8625,10646.57,Servicios
2024-11-16,CONCIERTO 6147,10341.46,Entretenimiento
2024-11-17,PANADERIA 9624,6422.57,Comida
2024-11-17,CINE 7730,8315.4,Entretenimiento
2024-11-18,PANADERIA 7655,2016.23,Comida
2024-11-18,TIENDA 8177,17513.74,Compras
2024-11-19,MEDICO 6131,12341.97,Salud
2024-11-19,COMBUSTIBLE 1659,2091.27,Transporte
2024-11-21,SUBE 7226,6569.48,Transporte
2024-11-21,CAFE 1339,6987.48,Comida
2024-11-22,SUPERMERCADO 7615,10120.78,Comida
2024-11-22,TAXI 9375,5081.71,Transporte
2024-11-23,PANADERIA 9935,13059.55,Comida
2024-11-24,TAXI 4996,3980.63,Transporte
2024-11-25,LABORATORIO 8972,20275.33,Salud
2024-11-26,GAS 6425,24468.75,Servicios
2024-11-27,ROPA 2040,24666.32,Compras
2024-11-27,TELEFONO 2876,13863.5,Servicios
2024-11-28,CAFE 6295,2101.87,Comida
2024-11-29,SUBE 5371,3534.82,Transporte
2024-11-30,PEAJE 9835,731.74,Transporte
2024-12-01,SPOTIFY 9897,13788.52,Entretenimiento
2024-12-01,EDENOR 1519,22666.23,Servicios
2024-12-02,HOSPITAL 1916,15167.71,Salud
2024-12-02,DELIVERY 8840,1263.12,Comida
2024-12-03,ELECTRONICA 6095,17241.67,Compras
2024-12-03,COMBUSTIBLE 9920,4729.33,Transporte
2024-12-04,CONCIERTO 4228,5303.05,Entretenimiento
2024-12-04,SUPERMERCADO 5334,7516.49,Comida
2024-12-05,PEAJE 1436,9014.2,Transporte
2024-12-06,COMBUSTIBLE 7594,5173.06,Transporte
2024-12-06,FARMACIA 3589,31800.08,Salud
2024-12-06,CAFE 8699,1420.37,Comida
2024-12-06,CONCIERTO 2284,3988.75,Entretenimiento
2024-12-07,UBER 5833,1805.5,Transporte
2024-12-07,SUPERMERCADO 4138,13311.56,Comida
2024-12-08,TEATRO 9041,6746.74,Entretenimiento
2024-12-08,MERCADO 5942,10308.06,Comida
2024-12-09,TAXI 6016,3032.35,Transporte
2024-12-09,BAR 8790,8569.56,Entretenimiento
2024-12-10,SUPERMERCADO 2017,9139.49,Comida
2024-12-10,LABORATORIO 3712,34083.25,Salud
2024-12-11,TEATRO 4279,8424.2,Entretenimiento
2024-12-11,TEATRO 5722,11959.78,Entretenimiento
2024-12-11,PANADERIA 3838,13767.7,Comida
2024-12-11,TAXI 4505,369.89,Transporte
2024-12-11,SUPERMERCADO 9369,15595.31,Comida
2024-12-12,DENTISTA 4971,33143.64,Salud
2024-12-12,SPOTIFY 8449,14717.76,Entretenimiento
2024-12-14,ROPA 9099,59093.88,Compras
2024-12-14,MEDICO 5914,28940.58,Salud
2024-12-14,ESTACIONAMIENTO 6225,1423.76,Transporte
2024-12-15,TAXI 7274,4436.07,Transporte
2024-12-16,ESTACIONAMIENTO 2989,10221.32,Transporte
2024-12-17,SUPERMERCADO 8032,5209.7,Comida
2024-12-17,TIENDA 7043,25991.92,Compras
2024-12-19,NETFLIX 5090,2295.87,Entretenimiento
2024-12-19,CAFE 2392,9840.72,Comida
2024-12-19,CINE 3684,5724.03,Entretenimiento
2024-12-20,SUPERMERCADO 2354,14334.72,Comida
2024-12-20,INTERNET 6567,10047.29,Servicios
2024-12-20,DELIVERY 2166,9335.68,Comida
2024-12-21,RESTAURANT 2279,7438.57,Comida
2024-12-21,MERCADOLIBRE 9196,63194.03,Compras
2024-12-22,SUPERMERCADO 9011,10549.33,Comida
2024-12-23,ROPA 8349,63057.98,Compras
2024-12-25,MERCADOLIBRE 1149,40157.41,Compras
2024-12-26,CAFE 5911,7685.8,Comida
2024-12-27,MERCADO 9882,13472.3,Comida
2024-12-27,MERCADOLIBRE 6091,56607.64,Compras
2024-12-28,MERCADO 1370,13992.69,Comida
2024-12-28,CAFE 8015,3925.41,Comida
2024-12-29,RESTAURANT 2524,1129.69,Comida
2024-12-29,CONCIERTO 3527,1346.02,Entretenimiento
2024-12-29,BAR 3042,5015.19,Entretenimiento
2024-12-29,PANADERIA 3852,9370.44,Comida
2024-12-30,AGUA 2260,32265.76,Servicios
2024-12-30,HOSPITAL 7240,20009.33,Salud
2024-12-31,RESTAURANT 7537,7014.05,Comida
2024-12-31,INTERNET 4841,25479.93,Servicios
2024-12-31,HOSPITAL 8761,30192.66,Salud
